insert into user (UID,Email,FirstName,LastName,Password) values
(1,"testemail1@notgmail.com","testJohn1","testSmith1","testPassword1"),
(2,"testemail2@notgmail.com","testJohn2","testSmith2","testPassword2"),
(3,"testemail3@notgmail.com","testJohn3","testSmith3","testPassword3"),
(4,"testemail4@notgmail.com","testJohn4","testSmith4","testPassword4"),
(5,"testemail5@notgmail.com","testJohn5","testSmith5","testPassword5"),
(6,"testemail6@notgmail.com","testJohn6","testSmith6","testPassword6"),
(7,"testemail7@notgmail.com","testJohn7","testSmith7","testPassword7"),
(8,"testemail8@notgmail.com","testJohn8","testSmith8","testPassword8"),
(9,"testemail9@notgmail.com","testJohn9","testSmith9","testPassword9"),
(10,"testemail10@notgmail.com","testJohn10","testSmith10","testPassword10"),
(11,"testemail11@notgmail.com","testJohn11","testSmith11","testPassword11"),
(12,"testemail12@notgmail.com","testJohn12","testSmith12","testPassword12"),
(13,"testemail13@notgmail.com","testJohn13","testSmith13","testPassword13"),
(14,"testemail14@notgmail.com","testJohn14","testSmith14","testPassword14"),
(15,"testemail15@notgmail.com","testJohn15","testSmith15","testPassword15"),
(16,"testemail16@notgmail.com","testJohn16","testSmith16","testPassword16"),
(17,"testemail17@notgmail.com","testJohn17","testSmith17","testPassword17"),
(18,"testemail18@notgmail.com","testJohn18","testSmith18","testPassword18"),
(19,"testemail19@notgmail.com","testJohn19","testSmith19","testPassword19"),
(20,"testemail20@notgmail.com","testJohn20","testSmith20","testPassword20"),
(21,"testemail21@notgmail.com","testJohn21","testSmith21","testPassword21"),
(22,"testemail22@notgmail.com","testJohn22","testSmith22","testPassword22"),
(23,"testemail23@notgmail.com","testJohn23","testSmith23","testPassword23"),
(24,"testemail24@notgmail.com","testJohn24","testSmith24","testPassword24"),
(25,"testemail25@notgmail.com","testJohn25","testSmith25","testPassword25"),
(26,"testemail26@notgmail.com","testJohn26","testSmith26","testPassword26"),
(27,"testemail27@notgmail.com","testJohn27","testSmith27","testPassword27"),
(28,"testemail28@notgmail.com","testJohn28","testSmith28","testPassword28"),
(29,"testemail29@notgmail.com","testJohn29","testSmith29","testPassword29"),
(30,"testemail30@notgmail.com","testJohn30","testSmith30","testPassword30"),
(31,"testemail31@notgmail.com","testJohn31","testSmith31","testPassword31"),
(32,"testemail32@notgmail.com","testJohn32","testSmith32","testPassword32"),
(33,"testemail33@notgmail.com","testJohn33","testSmith33","testPassword33"),
(34,"testemail34@notgmail.com","testJohn34","testSmith34","testPassword34"),
(35,"testemail35@notgmail.com","testJohn35","testSmith35","testPassword35"),
(36,"testemail36@notgmail.com","testJohn36","testSmith36","testPassword36"),
(37,"testemail37@notgmail.com","testJohn37","testSmith37","testPassword37"),
(38,"testemail38@notgmail.com","testJohn38","testSmith38","testPassword38"),
(39,"testemail39@notgmail.com","testJohn39","testSmith39","testPassword39"),
(40,"testemail40@notgmail.com","testJohn40","testSmith40","testPassword40"),
(41,"testemail41@notgmail.com","testJohn41","testSmith41","testPassword41"),
(42,"testemail42@notgmail.com","testJohn42","testSmith42","testPassword42"),
(43,"testemail43@notgmail.com","testJohn43","testSmith43","testPassword43"),
(44,"testemail44@notgmail.com","testJohn44","testSmith44","testPassword44"),
(45,"testemail45@notgmail.com","testJohn45","testSmith45","testPassword45"),
(46,"testemail46@notgmail.com","testJohn46","testSmith46","testPassword46"),
(47,"testemail47@notgmail.com","testJohn47","testSmith47","testPassword47"),
(48,"testemail48@notgmail.com","testJohn48","testSmith48","testPassword48"),
(49,"testemail49@notgmail.com","testJohn49","testSmith49","testPassword49"),
(50,"testemail50@notgmail.com","testJohn50","testSmith50","testPassword50"),
(51,"testemail51@notgmail.com","testJohn51","testSmith51","testPassword51"),
(52,"testemail52@notgmail.com","testJohn52","testSmith52","testPassword52"),
(53,"testemail53@notgmail.com","testJohn53","testSmith53","testPassword53"),
(54,"testemail54@notgmail.com","testJohn54","testSmith54","testPassword54"),
(55,"testemail55@notgmail.com","testJohn55","testSmith55","testPassword55"),
(56,"testemail56@notgmail.com","testJohn56","testSmith56","testPassword56"),
(57,"testemail57@notgmail.com","testJohn57","testSmith57","testPassword57"),
(58,"testemail58@notgmail.com","testJohn58","testSmith58","testPassword58"),
(59,"testemail59@notgmail.com","testJohn59","testSmith59","testPassword59"),
(60,"testemail60@notgmail.com","testJohn60","testSmith60","testPassword60"),
(61,"testemail61@notgmail.com","testJohn61","testSmith61","testPassword61"),
(62,"testemail62@notgmail.com","testJohn62","testSmith62","testPassword62"),
(63,"testemail63@notgmail.com","testJohn63","testSmith63","testPassword63"),
(64,"testemail64@notgmail.com","testJohn64","testSmith64","testPassword64"),
(65,"testemail65@notgmail.com","testJohn65","testSmith65","testPassword65"),
(66,"testemail66@notgmail.com","testJohn66","testSmith66","testPassword66"),
(67,"testemail67@notgmail.com","testJohn67","testSmith67","testPassword67"),
(68,"testemail68@notgmail.com","testJohn68","testSmith68","testPassword68"),
(69,"testemail69@notgmail.com","testJohn69","testSmith69","testPassword69"),
(70,"testemail70@notgmail.com","testJohn70","testSmith70","testPassword70"),
(71,"testemail71@notgmail.com","testJohn71","testSmith71","testPassword71"),
(72,"testemail72@notgmail.com","testJohn72","testSmith72","testPassword72"),
(73,"testemail73@notgmail.com","testJohn73","testSmith73","testPassword73"),
(74,"testemail74@notgmail.com","testJohn74","testSmith74","testPassword74"),
(75,"testemail75@notgmail.com","testJohn75","testSmith75","testPassword75"),
(76,"testemail76@notgmail.com","testJohn76","testSmith76","testPassword76"),
(77,"testemail77@notgmail.com","testJohn77","testSmith77","testPassword77"),
(78,"testemail78@notgmail.com","testJohn78","testSmith78","testPassword78"),
(79,"testemail79@notgmail.com","testJohn79","testSmith79","testPassword79"),
(80,"testemail80@notgmail.com","testJohn80","testSmith80","testPassword80"),
(81,"testemail81@notgmail.com","testJohn81","testSmith81","testPassword81"),
(82,"testemail82@notgmail.com","testJohn82","testSmith82","testPassword82"),
(83,"testemail83@notgmail.com","testJohn83","testSmith83","testPassword83"),
(84,"testemail84@notgmail.com","testJohn84","testSmith84","testPassword84"),
(85,"testemail85@notgmail.com","testJohn85","testSmith85","testPassword85"),
(86,"testemail86@notgmail.com","testJohn86","testSmith86","testPassword86"),
(87,"testemail87@notgmail.com","testJohn87","testSmith87","testPassword87"),
(88,"testemail88@notgmail.com","testJohn88","testSmith88","testPassword88"),
(89,"testemail89@notgmail.com","testJohn89","testSmith89","testPassword89"),
(90,"testemail90@notgmail.com","testJohn90","testSmith90","testPassword90"),
(91,"testemail91@notgmail.com","testJohn91","testSmith91","testPassword91"),
(92,"testemail92@notgmail.com","testJohn92","testSmith92","testPassword92"),
(93,"testemail93@notgmail.com","testJohn93","testSmith93","testPassword93"),
(94,"testemail94@notgmail.com","testJohn94","testSmith94","testPassword94"),
(95,"testemail95@notgmail.com","testJohn95","testSmith95","testPassword95"),
(96,"testemail96@notgmail.com","testJohn96","testSmith96","testPassword96"),
(97,"testemail97@notgmail.com","testJohn97","testSmith97","testPassword97"),
(98,"testemail98@notgmail.com","testJohn98","testSmith98","testPassword98"),
(99,"testemail99@notgmail.com","testJohn99","testSmith99","testPassword99"),
(100,"testemail100@notgmail.com","testJohn100","testSmith100","testPassword100"),
(101,"testemail101@notgmail.com","testJohn101","testSmith101","testPassword101"),
(102,"testemail102@notgmail.com","testJohn102","testSmith102","testPassword102"),
(103,"testemail103@notgmail.com","testJohn103","testSmith103","testPassword103"),
(104,"testemail104@notgmail.com","testJohn104","testSmith104","testPassword104"),
(105,"testemail105@notgmail.com","testJohn105","testSmith105","testPassword105"),
(106,"testemail106@notgmail.com","testJohn106","testSmith106","testPassword106"),
(107,"testemail107@notgmail.com","testJohn107","testSmith107","testPassword107"),
(108,"testemail108@notgmail.com","testJohn108","testSmith108","testPassword108"),
(109,"testemail109@notgmail.com","testJohn109","testSmith109","testPassword109"),
(110,"testemail110@notgmail.com","testJohn110","testSmith110","testPassword110"),
(111,"testemail111@notgmail.com","testJohn111","testSmith111","testPassword111"),
(112,"testemail112@notgmail.com","testJohn112","testSmith112","testPassword112"),
(113,"testemail113@notgmail.com","testJohn113","testSmith113","testPassword113"),
(114,"testemail114@notgmail.com","testJohn114","testSmith114","testPassword114"),
(115,"testemail115@notgmail.com","testJohn115","testSmith115","testPassword115"),
(116,"testemail116@notgmail.com","testJohn116","testSmith116","testPassword116"),
(117,"testemail117@notgmail.com","testJohn117","testSmith117","testPassword117"),
(118,"testemail118@notgmail.com","testJohn118","testSmith118","testPassword118"),
(119,"testemail119@notgmail.com","testJohn119","testSmith119","testPassword119"),
(120,"testemail120@notgmail.com","testJohn120","testSmith120","testPassword120");
insert into player (UID,Username) values
(1,"testUsername1"),
(2,"testUsername2"),
(3,"testUsername3"),
(4,"testUsername4"),
(5,"testUsername5"),
(6,"testUsername6"),
(7,"testUsername7"),
(8,"testUsername8"),
(9,"testUsername9"),
(10,"testUsername10"),
(11,"testUsername11"),
(12,"testUsername12"),
(13,"testUsername13"),
(14,"testUsername14"),
(15,"testUsername15"),
(16,"testUsername16"),
(17,"testUsername17"),
(18,"testUsername18"),
(19,"testUsername19"),
(20,"testUsername20"),
(21,"testUsername21"),
(22,"testUsername22"),
(23,"testUsername23"),
(24,"testUsername24"),
(25,"testUsername25"),
(26,"testUsername26"),
(27,"testUsername27"),
(28,"testUsername28"),
(29,"testUsername29"),
(30,"testUsername30"),
(31,"testUsername31"),
(32,"testUsername32"),
(33,"testUsername33"),
(34,"testUsername34"),
(35,"testUsername35"),
(36,"testUsername36"),
(37,"testUsername37"),
(38,"testUsername38"),
(39,"testUsername39"),
(40,"testUsername40"),
(41,"testUsername41"),
(42,"testUsername42"),
(43,"testUsername43"),
(44,"testUsername44"),
(45,"testUsername45"),
(46,"testUsername46"),
(47,"testUsername47"),
(48,"testUsername48"),
(49,"testUsername49"),
(50,"testUsername50"),
(51,"testUsername51"),
(52,"testUsername52"),
(53,"testUsername53"),
(54,"testUsername54"),
(55,"testUsername55"),
(56,"testUsername56"),
(57,"testUsername57"),
(58,"testUsername58"),
(59,"testUsername59"),
(60,"testUsername60"),
(61,"testUsername61"),
(62,"testUsername62"),
(63,"testUsername63"),
(64,"testUsername64"),
(65,"testUsername65"),
(66,"testUsername66"),
(67,"testUsername67"),
(68,"testUsername68"),
(69,"testUsername69"),
(70,"testUsername70"),
(71,"testUsername71"),
(72,"testUsername72"),
(73,"testUsername73"),
(74,"testUsername74"),
(75,"testUsername75"),
(76,"testUsername76"),
(77,"testUsername77"),
(78,"testUsername78"),
(79,"testUsername79"),
(80,"testUsername80"),
(81,"testUsername81"),
(82,"testUsername82"),
(83,"testUsername83"),
(84,"testUsername84"),
(85,"testUsername85"),
(86,"testUsername86"),
(87,"testUsername87"),
(88,"testUsername88"),
(89,"testUsername89"),
(90,"testUsername90"),
(91,"testUsername91"),
(92,"testUsername92"),
(93,"testUsername93"),
(94,"testUsername94"),
(95,"testUsername95"),
(96,"testUsername96"),
(97,"testUsername97"),
(98,"testUsername98"),
(99,"testUsername99"),
(100,"testUsername100");
insert into developer (UID,Description,Founded,Name) values
(101,"Test Description! 101","1981-3-5","Test Developer Name 101"),
(102,"Test Description! 102","1981-11-15","Test Developer Name 102"),
(103,"Test Description! 103","2000-9-6","Test Developer Name 103"),
(104,"Test Description! 104","1991-11-28","Test Developer Name 104"),
(105,"Test Description! 105","2004-8-13","Test Developer Name 105"),
(106,"Test Description! 106","2000-12-21","Test Developer Name 106"),
(107,"Test Description! 107","1996-7-7","Test Developer Name 107"),
(108,"Test Description! 108","1988-7-15","Test Developer Name 108"),
(109,"Test Description! 109","2007-9-12","Test Developer Name 109"),
(110,"Test Description! 110","2001-1-11","Test Developer Name 110");
insert into game (GID,Title,UID,ReleaseDate,Description,Price) values
(0,"Pokémon Ultra Sun",101,"1981-3-5","Take on the role of a Pokémon Trainer and uncover new tales, and unravel the mystery behind the two forms reminiscent of the Legendary Pokémon. With new story additions and features this earns Pokémon™ Ultra Sun and Pokémon Ultra Moon the name "Ultra!" Another adventure is about to begin! 
 
New Pokémon forms have been discovered in the Aloha region in Pokémon Ultra Sun and Pokémon Ultra Moon! These forms are reminiscent of the Legendary Pokémon Solgaleo, Lunala, and Necrozma, first revealed in Pokémon Sun and Pokémon Moon. Head out on an epic journey as you solve the mystery behind these fascinating Pokémon! In this expanded adventure, get ready to explore more of the Alola region, catch more amazing Pokémon, and battle more formidable foes in Pokémon Ultra Sun and Pokémon Ultra Moon!",40),
(1,"Monster Hunter: World",102,"1981-11-15",Monster Hunter: World sees players take on the role of a hunter that completes various quests to hunt and slay monsters within a lively living and breathing eco-system full of predators…. and prey. In the video you can see some of the creatures you can expect to come across within the New World, the newly discovered continent where Monster Hunter: World is set, including the Great Jagras which has the ability to swallow its prey whole and one of the Monster Hunter series favourites, Rathalos. 
 
Players are able to utilise survival tools such as the slinger and Scoutfly to aid them in their hunt. By using these skills to their advantage hunters can lure monsters into traps and even pit them against each other in an epic fierce battle. Can our hunter successfully survive the fight and slay the Anjanath? He’ll need to select his weapon choice carefully from 14 different weapon classes and think strategically about how to take the giant foe down. Don’t forget to pack the camouflaging ghillie suit!,45),
(2,"Little Nightmares: The Hideaway",103,"2000-9-6",The second of 3 DLCs that follows a new character, The Runaway Kid, during the events of the main game. 
 
"The Kid has escaped the frying pan and is now in the fires of the engine room, where one wrong step can lead to his doom. Only by understanding tge Nomes does he have a chance of making head or tails of all the machinery barring his way out of the Maw. But why are so many Nomes hiding here?",10),
(3,"Xenoblade Chronicles 2",104,"1991-11-28",As the giant beasts march toward death, the last hope is a scavenger named Rex—and Pyra, a living weapon known as a Blade. Can you find the fabled paradise she calls home? Command a group of Blades and lead them to countless strategic victories before the world ends. 
 
Each Titan hosts its own distinct cultures, wildlife, and diverse regions to explore. Search the vast open areas and labyrinthine corridors for treasure, secret paths, and creatures to battle and index. 
 
During these escapades you'll get to know a large cast of eclectic characters, including the weaponized life forms known as Blades. Gather these allies, bond with them to increase their power, and utilize their special ARTS to devastate enemies. But to save the world of Alrest, you must first demystify its cloudy past. 
 
A new story in the Xenoblade Chronicles series 
 
The next adventure is on the Nintendo Switch console—set on the backs of colossal, living Titans. 
 
Discover each Titan’s diverse regions, culture, wildlife, equipment, and hidden secrets. 
 
Find, bond with, and command weaponized life forms known as Blades to earn abilities and enhance them. 
 
Uncover the history of Alrest and the mystery of its endless ocean of clouds.,10),
(4,"Middle-earth: Shadow of War - The Desolation of Mordor",105,"2004-8-13",TBA,55),
(5,"Star Wars Battlefront II",106,"2000-12-21",Embark on an endless Star Wars™ action experience from the best-selling Star Wars HD video game franchise of all time. Experience rich multiplayer battlegrounds across all 3 eras - prequel, classic and new trilogy - or rise as a new hero and discover an emotionally gripping single-player story spanning thirty years. 
 
Customise and upgrade your heroes, starfighters or troopers - each with unique abilities to exploit in battle. Ride tauntauns or take control of tanks and speeders. Use the Force to prove your worth against iconic characters like Kylo Ren, Darth Maul or Han Solo, as you play a part in a gaming experience inspired by forty years of timeless Star Wars films.,30),
(6,"Hello Neighbor",107,"1996-7-7",Hello Neighbor is a stealth horror game about sneaking into your neighbor's house to figure out what horrible secrets he's hiding in the basement. You play against an advanced AI that learns from your every move. Really enjoying climbing through that backyard window? Expect a bear trap there. Sneaking through the front door? There'll be cameras there soon. Trying to escape? The Neighbor will find a shortcut and catch you.,25),
(7,"Sky Break",108,"1988-7-15",Sky Break is an open-world game on a stormy abandoned planet filled with wild mechas. Learn to master this world and to hack the mechas if you want a chance to survive.,20),
(8,"Dead Island 2",109,"2007-9-12",Welcome to Zombie California! Slay and survive with style in this co-op playground. Explore the vast Golden State, from lush forests to sunny beaches. Wield a variety of over-the-top, hand-crafted weapons against human and undead enemies. Upgrade your vehicles, grab your friends, and take a permanent vacation to the zombie apocalypse. Paradise meets hell and you are the matchmaker!,10),
(9,"Porno Studio Tycoon",110,"2001-1-11",Business simulator with rich economic model (markets with shortages and surpluses, websites with black hat SEO, etc.), flexible configuration of movie production, complex casting, two modes of shooting (fast and detailed ones) and other features. Beautiful graphics and no sexually explicit content.,30);
insert into review (UID,GID,Stars,Title,CreationDate,Body) values
(1,0,4,"Test Review 1-0","2002-7-16","Test review body. Imagine this has a lot more text and is very angry. 1-0"),
(1,1,2,"Test Review 1-1","2016-11-18","Test review body. Imagine this has a lot more text and is very angry. 1-1"),
(1,2,4,"Test Review 1-2","2003-1-12","Test review body. Imagine this has a lot more text and is very angry. 1-2"),
(1,3,4,"Test Review 1-3","2006-8-2","Test review body. Imagine this has a lot more text and is very angry. 1-3"),
(1,4,1,"Test Review 1-4","2017-3-14","Test review body. Imagine this has a lot more text and is very angry. 1-4"),
(1,5,1,"Test Review 1-5","2016-11-16","Test review body. Imagine this has a lot more text and is very angry. 1-5"),
(1,6,1,"Test Review 1-6","2003-1-10","Test review body. Imagine this has a lot more text and is very angry. 1-6"),
(1,7,1,"Test Review 1-7","2010-5-24","Test review body. Imagine this has a lot more text and is very angry. 1-7"),
(1,8,3,"Test Review 1-8","2001-9-2","Test review body. Imagine this has a lot more text and is very angry. 1-8"),
(1,9,5,"Test Review 1-9","2007-3-11","Test review body. Imagine this has a lot more text and is very angry. 1-9"),
(2,0,1,"Test Review 2-0","2000-2-15","Test review body. Imagine this has a lot more text and is very angry. 2-0"),
(2,1,3,"Test Review 2-1","2013-1-13","Test review body. Imagine this has a lot more text and is very angry. 2-1"),
(2,2,2,"Test Review 2-2","2010-1-24","Test review body. Imagine this has a lot more text and is very angry. 2-2"),
(2,3,3,"Test Review 2-3","2000-6-8","Test review body. Imagine this has a lot more text and is very angry. 2-3"),
(2,4,3,"Test Review 2-4","2010-5-22","Test review body. Imagine this has a lot more text and is very angry. 2-4"),
(2,5,5,"Test Review 2-5","2005-10-12","Test review body. Imagine this has a lot more text and is very angry. 2-5"),
(2,6,1,"Test Review 2-6","2007-3-19","Test review body. Imagine this has a lot more text and is very angry. 2-6"),
(2,7,3,"Test Review 2-7","2006-1-15","Test review body. Imagine this has a lot more text and is very angry. 2-7"),
(2,8,1,"Test Review 2-8","2014-11-21","Test review body. Imagine this has a lot more text and is very angry. 2-8"),
(2,9,1,"Test Review 2-9","2008-4-8","Test review body. Imagine this has a lot more text and is very angry. 2-9"),
(3,0,4,"Test Review 3-0","2015-3-27","Test review body. Imagine this has a lot more text and is very angry. 3-0"),
(3,1,1,"Test Review 3-1","2003-11-12","Test review body. Imagine this has a lot more text and is very angry. 3-1"),
(3,2,4,"Test Review 3-2","2016-8-20","Test review body. Imagine this has a lot more text and is very angry. 3-2"),
(3,3,5,"Test Review 3-3","2003-6-22","Test review body. Imagine this has a lot more text and is very angry. 3-3"),
(3,4,4,"Test Review 3-4","2002-2-16","Test review body. Imagine this has a lot more text and is very angry. 3-4"),
(3,5,2,"Test Review 3-5","2003-11-8","Test review body. Imagine this has a lot more text and is very angry. 3-5"),
(3,6,2,"Test Review 3-6","2017-3-11","Test review body. Imagine this has a lot more text and is very angry. 3-6"),
(3,7,3,"Test Review 3-7","2016-10-14","Test review body. Imagine this has a lot more text and is very angry. 3-7"),
(3,8,2,"Test Review 3-8","2013-2-6","Test review body. Imagine this has a lot more text and is very angry. 3-8"),
(3,9,4,"Test Review 3-9","2011-5-17","Test review body. Imagine this has a lot more text and is very angry. 3-9"),
(4,0,2,"Test Review 4-0","2002-12-19","Test review body. Imagine this has a lot more text and is very angry. 4-0"),
(4,1,3,"Test Review 4-1","2004-10-7","Test review body. Imagine this has a lot more text and is very angry. 4-1"),
(4,2,5,"Test Review 4-2","2005-12-20","Test review body. Imagine this has a lot more text and is very angry. 4-2"),
(4,3,5,"Test Review 4-3","2003-8-9","Test review body. Imagine this has a lot more text and is very angry. 4-3"),
(4,4,5,"Test Review 4-4","2008-5-11","Test review body. Imagine this has a lot more text and is very angry. 4-4"),
(4,5,1,"Test Review 4-5","2016-5-4","Test review body. Imagine this has a lot more text and is very angry. 4-5"),
(4,6,5,"Test Review 4-6","2007-2-6","Test review body. Imagine this has a lot more text and is very angry. 4-6"),
(4,7,1,"Test Review 4-7","2013-1-10","Test review body. Imagine this has a lot more text and is very angry. 4-7"),
(4,8,3,"Test Review 4-8","2009-8-7","Test review body. Imagine this has a lot more text and is very angry. 4-8"),
(4,9,2,"Test Review 4-9","2010-6-27","Test review body. Imagine this has a lot more text and is very angry. 4-9"),
(5,0,1,"Test Review 5-0","2015-10-6","Test review body. Imagine this has a lot more text and is very angry. 5-0"),
(5,1,2,"Test Review 5-1","2010-4-15","Test review body. Imagine this has a lot more text and is very angry. 5-1"),
(5,2,3,"Test Review 5-2","2012-5-25","Test review body. Imagine this has a lot more text and is very angry. 5-2"),
(5,3,2,"Test Review 5-3","2005-10-6","Test review body. Imagine this has a lot more text and is very angry. 5-3"),
(5,4,1,"Test Review 5-4","2003-7-19","Test review body. Imagine this has a lot more text and is very angry. 5-4"),
(5,5,2,"Test Review 5-5","2015-12-15","Test review body. Imagine this has a lot more text and is very angry. 5-5"),
(5,6,3,"Test Review 5-6","2004-9-28","Test review body. Imagine this has a lot more text and is very angry. 5-6"),
(5,7,2,"Test Review 5-7","2005-5-21","Test review body. Imagine this has a lot more text and is very angry. 5-7"),
(5,8,5,"Test Review 5-8","2006-7-19","Test review body. Imagine this has a lot more text and is very angry. 5-8"),
(5,9,1,"Test Review 5-9","2010-8-11","Test review body. Imagine this has a lot more text and is very angry. 5-9"),
(6,0,4,"Test Review 6-0","2010-6-11","Test review body. Imagine this has a lot more text and is very angry. 6-0"),
(6,1,4,"Test Review 6-1","2016-9-24","Test review body. Imagine this has a lot more text and is very angry. 6-1"),
(6,2,2,"Test Review 6-2","2004-9-15","Test review body. Imagine this has a lot more text and is very angry. 6-2"),
(6,3,5,"Test Review 6-3","2001-9-8","Test review body. Imagine this has a lot more text and is very angry. 6-3"),
(6,4,5,"Test Review 6-4","2015-2-27","Test review body. Imagine this has a lot more text and is very angry. 6-4"),
(6,5,1,"Test Review 6-5","2003-9-22","Test review body. Imagine this has a lot more text and is very angry. 6-5"),
(6,6,5,"Test Review 6-6","2001-10-27","Test review body. Imagine this has a lot more text and is very angry. 6-6"),
(6,7,3,"Test Review 6-7","2014-4-5","Test review body. Imagine this has a lot more text and is very angry. 6-7"),
(6,8,2,"Test Review 6-8","2002-1-5","Test review body. Imagine this has a lot more text and is very angry. 6-8"),
(6,9,4,"Test Review 6-9","2005-9-10","Test review body. Imagine this has a lot more text and is very angry. 6-9"),
(7,0,1,"Test Review 7-0","2012-2-8","Test review body. Imagine this has a lot more text and is very angry. 7-0"),
(7,1,5,"Test Review 7-1","2017-8-26","Test review body. Imagine this has a lot more text and is very angry. 7-1"),
(7,2,5,"Test Review 7-2","2002-5-3","Test review body. Imagine this has a lot more text and is very angry. 7-2"),
(7,3,3,"Test Review 7-3","2001-6-13","Test review body. Imagine this has a lot more text and is very angry. 7-3"),
(7,4,4,"Test Review 7-4","2005-5-17","Test review body. Imagine this has a lot more text and is very angry. 7-4"),
(7,5,1,"Test Review 7-5","2016-3-25","Test review body. Imagine this has a lot more text and is very angry. 7-5"),
(7,6,3,"Test Review 7-6","2001-3-22","Test review body. Imagine this has a lot more text and is very angry. 7-6"),
(7,7,3,"Test Review 7-7","2015-12-5","Test review body. Imagine this has a lot more text and is very angry. 7-7"),
(7,8,3,"Test Review 7-8","2014-7-19","Test review body. Imagine this has a lot more text and is very angry. 7-8"),
(7,9,4,"Test Review 7-9","2002-8-23","Test review body. Imagine this has a lot more text and is very angry. 7-9"),
(8,0,4,"Test Review 8-0","2017-7-5","Test review body. Imagine this has a lot more text and is very angry. 8-0"),
(8,1,4,"Test Review 8-1","2016-4-5","Test review body. Imagine this has a lot more text and is very angry. 8-1"),
(8,2,5,"Test Review 8-2","2005-2-13","Test review body. Imagine this has a lot more text and is very angry. 8-2"),
(8,3,4,"Test Review 8-3","2015-12-24","Test review body. Imagine this has a lot more text and is very angry. 8-3"),
(8,4,1,"Test Review 8-4","2004-12-23","Test review body. Imagine this has a lot more text and is very angry. 8-4"),
(8,5,4,"Test Review 8-5","2001-7-19","Test review body. Imagine this has a lot more text and is very angry. 8-5"),
(8,6,2,"Test Review 8-6","2004-11-22","Test review body. Imagine this has a lot more text and is very angry. 8-6"),
(8,7,3,"Test Review 8-7","2010-5-22","Test review body. Imagine this has a lot more text and is very angry. 8-7"),
(8,8,4,"Test Review 8-8","2010-4-22","Test review body. Imagine this has a lot more text and is very angry. 8-8"),
(8,9,5,"Test Review 8-9","2011-10-23","Test review body. Imagine this has a lot more text and is very angry. 8-9"),
(9,0,4,"Test Review 9-0","2011-7-9","Test review body. Imagine this has a lot more text and is very angry. 9-0"),
(9,1,3,"Test Review 9-1","2001-12-28","Test review body. Imagine this has a lot more text and is very angry. 9-1"),
(9,2,4,"Test Review 9-2","2014-4-10","Test review body. Imagine this has a lot more text and is very angry. 9-2"),
(9,3,4,"Test Review 9-3","2007-12-11","Test review body. Imagine this has a lot more text and is very angry. 9-3"),
(9,4,1,"Test Review 9-4","2015-5-27","Test review body. Imagine this has a lot more text and is very angry. 9-4"),
(9,5,4,"Test Review 9-5","2009-12-15","Test review body. Imagine this has a lot more text and is very angry. 9-5"),
(9,6,1,"Test Review 9-6","2011-6-15","Test review body. Imagine this has a lot more text and is very angry. 9-6"),
(9,7,1,"Test Review 9-7","2016-1-3","Test review body. Imagine this has a lot more text and is very angry. 9-7"),
(9,8,4,"Test Review 9-8","2010-6-22","Test review body. Imagine this has a lot more text and is very angry. 9-8"),
(9,9,3,"Test Review 9-9","2010-1-7","Test review body. Imagine this has a lot more text and is very angry. 9-9"),
(10,0,1,"Test Review 10-0","2012-4-7","Test review body. Imagine this has a lot more text and is very angry. 10-0"),
(10,1,2,"Test Review 10-1","2006-6-25","Test review body. Imagine this has a lot more text and is very angry. 10-1"),
(10,2,5,"Test Review 10-2","2016-4-18","Test review body. Imagine this has a lot more text and is very angry. 10-2"),
(10,3,4,"Test Review 10-3","2013-3-6","Test review body. Imagine this has a lot more text and is very angry. 10-3"),
(10,4,2,"Test Review 10-4","2014-11-8","Test review body. Imagine this has a lot more text and is very angry. 10-4"),
(10,5,1,"Test Review 10-5","2014-10-11","Test review body. Imagine this has a lot more text and is very angry. 10-5"),
(10,6,2,"Test Review 10-6","2000-7-26","Test review body. Imagine this has a lot more text and is very angry. 10-6"),
(10,7,4,"Test Review 10-7","2001-2-20","Test review body. Imagine this has a lot more text and is very angry. 10-7"),
(10,8,3,"Test Review 10-8","2014-4-10","Test review body. Imagine this has a lot more text and is very angry. 10-8"),
(10,9,3,"Test Review 10-9","2008-4-25","Test review body. Imagine this has a lot more text and is very angry. 10-9");
insert into purchase (UID,GID,PurchaseDate) values
(1,0,"2009-12-13"),
(1,1,"2011-2-21"),
(1,2,"2011-11-5"),
(1,3,"2010-7-15"),
(1,4,"2010-9-13"),
(1,5,"2017-7-17"),
(1,6,"2006-10-6"),
(1,7,"2012-4-11"),
(1,8,"2000-5-27"),
(1,9,"2015-8-20"),
(2,0,"2011-3-24"),
(2,1,"2002-10-9"),
(2,2,"2016-7-22"),
(2,3,"2015-7-15"),
(2,4,"2017-9-7"),
(2,5,"2017-10-22"),
(2,6,"2003-5-10"),
(2,7,"2011-6-8"),
(2,8,"2002-4-3"),
(2,9,"2013-2-19"),
(3,0,"2011-5-18"),
(3,1,"2008-7-25"),
(3,2,"2009-2-16"),
(3,3,"2000-3-10"),
(3,4,"2001-5-28"),
(3,5,"2016-11-14"),
(3,6,"2009-12-25"),
(3,7,"2013-6-22"),
(3,8,"2004-3-3"),
(3,9,"2002-3-27"),
(4,0,"2007-6-13"),
(4,1,"2004-2-5"),
(4,2,"2006-11-8"),
(4,3,"2009-7-1"),
(4,4,"2004-10-15"),
(4,5,"2008-7-11"),
(4,6,"2016-1-7"),
(4,7,"2006-10-1"),
(4,8,"2001-6-13"),
(4,9,"2009-9-24"),
(5,0,"2007-2-14"),
(5,1,"2012-11-10"),
(5,2,"2009-8-27"),
(5,3,"2016-4-25"),
(5,4,"2017-3-15"),
(5,5,"2011-4-4"),
(5,6,"2017-9-24"),
(5,7,"2006-12-24"),
(5,8,"2000-1-14"),
(5,9,"2001-4-23"),
(6,0,"2017-2-10"),
(6,1,"2017-10-27"),
(6,2,"2017-10-23"),
(6,3,"2013-11-25"),
(6,4,"2005-8-9"),
(6,5,"2009-1-17"),
(6,6,"2014-4-18"),
(6,7,"2001-11-21"),
(6,8,"2008-1-5"),
(6,9,"2007-12-20"),
(7,0,"2015-7-21"),
(7,1,"2013-6-26"),
(7,2,"2007-11-19"),
(7,3,"2014-8-26"),
(7,4,"2014-1-25"),
(7,5,"2016-6-2"),
(7,6,"2004-4-6"),
(7,7,"2012-10-20"),
(7,8,"2009-9-18"),
(7,9,"2016-6-20"),
(8,0,"2014-5-1"),
(8,1,"2006-12-25"),
(8,2,"2006-4-17"),
(8,3,"2007-6-18"),
(8,4,"2006-7-26"),
(8,5,"2000-1-18"),
(8,6,"2000-5-10"),
(8,7,"2015-9-14"),
(8,8,"2006-11-19"),
(8,9,"2010-11-5"),
(9,0,"2002-4-14"),
(9,1,"2001-3-25"),
(9,2,"2017-9-7"),
(9,3,"2001-5-9"),
(9,4,"2013-7-26"),
(9,5,"2016-7-5"),
(9,6,"2003-4-1"),
(9,7,"2008-2-19"),
(9,8,"2010-10-17"),
(9,9,"2015-7-10"),
(10,0,"2013-1-18"),
(10,1,"2012-8-17"),
(10,2,"2011-4-25"),
(10,3,"2000-8-2"),
(10,4,"2015-1-26"),
(10,5,"2016-8-22"),
(10,6,"2016-3-8"),
(10,7,"2004-8-12"),
(10,8,"2013-9-21"),
(10,9,"2003-2-11");
insert into moderator (UID,GID) values
(111,0),
(112,1),
(113,2),
(114,3),
(115,4),
(116,5),
(117,6),
(118,7),
(119,8),
(120,9);
insert into achievement (number,GID,Title,Description,Points) values
(1,0,"sample achievement title 0-1","sample achievement description 0-1",40),
(2,0,"sample achievement title 0-2","sample achievement description 0-2",50),
(3,0,"sample achievement title 0-3","sample achievement description 0-3",40),
(4,0,"sample achievement title 0-4","sample achievement description 0-4",45),
(5,0,"sample achievement title 0-5","sample achievement description 0-5",10),
(6,0,"sample achievement title 0-6","sample achievement description 0-6",40),
(7,0,"sample achievement title 0-7","sample achievement description 0-7",30),
(8,0,"sample achievement title 0-8","sample achievement description 0-8",5),
(9,0,"sample achievement title 0-9","sample achievement description 0-9",20),
(10,0,"sample achievement title 0-10","sample achievement description 0-10",5),
(11,0,"sample achievement title 0-11","sample achievement description 0-11",40),
(12,0,"sample achievement title 0-12","sample achievement description 0-12",50),
(13,0,"sample achievement title 0-13","sample achievement description 0-13",20),
(14,0,"sample achievement title 0-14","sample achievement description 0-14",20),
(15,0,"sample achievement title 0-15","sample achievement description 0-15",25),
(16,0,"sample achievement title 0-16","sample achievement description 0-16",25),
(17,0,"sample achievement title 0-17","sample achievement description 0-17",15),
(18,0,"sample achievement title 0-18","sample achievement description 0-18",50),
(19,0,"sample achievement title 0-19","sample achievement description 0-19",25),
(20,0,"sample achievement title 0-20","sample achievement description 0-20",25),
(21,0,"sample achievement title 0-21","sample achievement description 0-21",20),
(22,0,"sample achievement title 0-22","sample achievement description 0-22",5),
(23,0,"sample achievement title 0-23","sample achievement description 0-23",25),
(24,0,"sample achievement title 0-24","sample achievement description 0-24",20),
(25,0,"sample achievement title 0-25","sample achievement description 0-25",15),
(26,0,"sample achievement title 0-26","sample achievement description 0-26",40),
(27,0,"sample achievement title 0-27","sample achievement description 0-27",5),
(28,0,"sample achievement title 0-28","sample achievement description 0-28",10),
(29,0,"sample achievement title 0-29","sample achievement description 0-29",5),
(30,0,"sample achievement title 0-30","sample achievement description 0-30",25),
(31,0,"sample achievement title 0-31","sample achievement description 0-31",5),
(32,0,"sample achievement title 0-32","sample achievement description 0-32",5),
(33,0,"sample achievement title 0-33","sample achievement description 0-33",40),
(34,0,"sample achievement title 0-34","sample achievement description 0-34",50),
(35,0,"sample achievement title 0-35","sample achievement description 0-35",15),
(36,0,"sample achievement title 0-36","sample achievement description 0-36",40),
(37,0,"sample achievement title 0-37","sample achievement description 0-37",40),
(38,0,"sample achievement title 0-38","sample achievement description 0-38",20),
(39,0,"sample achievement title 0-39","sample achievement description 0-39",10),
(40,0,"sample achievement title 0-40","sample achievement description 0-40",50),
(41,0,"sample achievement title 0-41","sample achievement description 0-41",35),
(42,0,"sample achievement title 0-42","sample achievement description 0-42",15),
(43,0,"sample achievement title 0-43","sample achievement description 0-43",10),
(44,0,"sample achievement title 0-44","sample achievement description 0-44",50),
(45,0,"sample achievement title 0-45","sample achievement description 0-45",5),
(46,0,"sample achievement title 0-46","sample achievement description 0-46",50),
(47,0,"sample achievement title 0-47","sample achievement description 0-47",25),
(48,0,"sample achievement title 0-48","sample achievement description 0-48",10),
(49,0,"sample achievement title 0-49","sample achievement description 0-49",30),
(50,0,"sample achievement title 0-50","sample achievement description 0-50",35),
(51,0,"sample achievement title 0-51","sample achievement description 0-51",45),
(52,0,"sample achievement title 0-52","sample achievement description 0-52",20),
(53,0,"sample achievement title 0-53","sample achievement description 0-53",5),
(54,0,"sample achievement title 0-54","sample achievement description 0-54",30),
(55,0,"sample achievement title 0-55","sample achievement description 0-55",15),
(56,0,"sample achievement title 0-56","sample achievement description 0-56",20),
(57,0,"sample achievement title 0-57","sample achievement description 0-57",20),
(58,0,"sample achievement title 0-58","sample achievement description 0-58",25),
(59,0,"sample achievement title 0-59","sample achievement description 0-59",10),
(60,0,"sample achievement title 0-60","sample achievement description 0-60",25),
(61,0,"sample achievement title 0-61","sample achievement description 0-61",40),
(62,0,"sample achievement title 0-62","sample achievement description 0-62",30),
(63,0,"sample achievement title 0-63","sample achievement description 0-63",10),
(64,0,"sample achievement title 0-64","sample achievement description 0-64",40),
(65,0,"sample achievement title 0-65","sample achievement description 0-65",35),
(66,0,"sample achievement title 0-66","sample achievement description 0-66",5),
(67,0,"sample achievement title 0-67","sample achievement description 0-67",50),
(68,0,"sample achievement title 0-68","sample achievement description 0-68",40),
(69,0,"sample achievement title 0-69","sample achievement description 0-69",45),
(70,0,"sample achievement title 0-70","sample achievement description 0-70",25),
(71,0,"sample achievement title 0-71","sample achievement description 0-71",15),
(72,0,"sample achievement title 0-72","sample achievement description 0-72",30),
(73,0,"sample achievement title 0-73","sample achievement description 0-73",35),
(74,0,"sample achievement title 0-74","sample achievement description 0-74",50),
(75,0,"sample achievement title 0-75","sample achievement description 0-75",40),
(76,0,"sample achievement title 0-76","sample achievement description 0-76",45),
(77,0,"sample achievement title 0-77","sample achievement description 0-77",40),
(78,0,"sample achievement title 0-78","sample achievement description 0-78",35),
(79,0,"sample achievement title 0-79","sample achievement description 0-79",25),
(80,0,"sample achievement title 0-80","sample achievement description 0-80",25),
(81,0,"sample achievement title 0-81","sample achievement description 0-81",35),
(82,0,"sample achievement title 0-82","sample achievement description 0-82",10),
(83,0,"sample achievement title 0-83","sample achievement description 0-83",50),
(84,0,"sample achievement title 0-84","sample achievement description 0-84",30),
(85,0,"sample achievement title 0-85","sample achievement description 0-85",40),
(86,0,"sample achievement title 0-86","sample achievement description 0-86",5),
(87,0,"sample achievement title 0-87","sample achievement description 0-87",15),
(88,0,"sample achievement title 0-88","sample achievement description 0-88",40),
(89,0,"sample achievement title 0-89","sample achievement description 0-89",20),
(90,0,"sample achievement title 0-90","sample achievement description 0-90",25),
(91,0,"sample achievement title 0-91","sample achievement description 0-91",25),
(92,0,"sample achievement title 0-92","sample achievement description 0-92",25),
(93,0,"sample achievement title 0-93","sample achievement description 0-93",45),
(94,0,"sample achievement title 0-94","sample achievement description 0-94",20),
(95,0,"sample achievement title 0-95","sample achievement description 0-95",10),
(96,0,"sample achievement title 0-96","sample achievement description 0-96",15),
(97,0,"sample achievement title 0-97","sample achievement description 0-97",45),
(98,0,"sample achievement title 0-98","sample achievement description 0-98",45),
(99,0,"sample achievement title 0-99","sample achievement description 0-99",15),
(1,1,"sample achievement title 1-1","sample achievement description 1-1",20);
